"Data Source","World Development Indicators",

"Last Updated Date","2016-05-02",

"Country Name","Country Code","Indicator Name","Indicator Code","1960","1961","1962","1963","1964","1965","1966","1967","1968","1969","1970","1971","1972","1973","1974","1975","1976","1977","1978","1979","1980","1981","1982","1983","1984","1985","1986","1987","1988","1989","1990","1991","1992","1993","1994","1995","1996","1997","1998","1999","2000","2001","2002","2003","2004","2005","2006","2007","2008","2009","2010","2011","2012","2013","2014","2015",
"Aruba","ABW","Government expenditure per primary student as % of GDP per capita (%)","SE.XPD.PRIM.PC.ZS","","","","","","","","","","","","","","","","","","","","","","","","","","","","","","","","","","","","","","","","11.5909","13.06354","12.19361","13.78537","","11.41432","12.2113","","","","","","","","","","",
"Andorra","AND","Government expenditure per primary student as % of GDP per capita (%)","SE.XPD.PRIM.PC.ZS","","","","","","","","","","","","","","","","","","","","","","","","","","","","","","","","","","","","","","","","","","","8.03066","","8.31865","7.67959","9.85342","9.76533","","14.66964","15.80389","16.62208","","15.41457","","",
"Afghanistan","AFG","Government expenditure per primary student as % of GDP per capita (%)","SE.XPD.PRIM.PC.ZS","","","","","","","","","","","","","","","","","","","","","","","","","","","","","","","","","","","","","","","","","","","","","","","","","","","","","","","","",
"Angola","AGO","Government expenditure per primary student as % of GDP per capita (%)","SE.XPD.PRIM.PC.ZS","","","","","","","","","","","","","","","","","","","","","","","","","","","","","","","","","","","","","","","","","","","","","","","","","","","","","","","","",
"Albania","ALB","Government expenditure per primary student as % of GDP per capita (%)","SE.XPD.PRIM.PC.ZS","","","","","","","","","","","","","","","","","","","","","","","","","","","","","","","","","","","","","","","","","","","","","","","","","","","","","","29.03573","","",
"Arab World","ARB","Government expenditure per primary student as % of GDP per capita (%)","SE.XPD.PRIM.PC.ZS","","","","","","","","","","","","","","","","","","","","","","","","","","","","","","","","","","","","","","","","","","","","","","","","","","","","","","","","",
"United Arab Emirates","ARE","Government expenditure per primary student as % of GDP per capita (%)","SE.XPD.PRIM.PC.ZS","","","","","","","","","","","","","","","","","","","","","","","","","","","","","","","","","","","","","","","5.9149","","","","","","","","","","","","","11.60855","10.72939","","","",
"Argentina","ARG","Government expenditure per primary student as % of GDP per capita (%)","SE.XPD.PRIM.PC.ZS","","","","","","","","","","","","","","","","","","","","","","","","","","","","","","","","","","","","","","","10.96493","12.86519","12.76096","14.3596","11.21425","10.91502","9.43882","9.87104","10.65731","11.56669","12.81408","13.65341","13.08609","14.00041","13.67644","13.88269","","",
"Armenia","ARM","Government expenditure per primary student as % of GDP per capita (%)","SE.XPD.PRIM.PC.ZS","","","","","","","","","","","","","","","","","","","","","","","","","","","","","","","","","","","","","","","","","","","","","","","","","","","","","16.20086","12.02663","","",
"American Samoa","ASM","Government expenditure per primary student as % of GDP per capita (%)","SE.XPD.PRIM.PC.ZS","","","","","","","","","","","","","","","","","","","","","","","","","","","","","","","","","","","","","","","","","","","","","","","","","","","","","","","","",
"Antigua and Barbuda","ATG","Government expenditure per primary student as % of GDP per capita (%)","SE.XPD.PRIM.PC.ZS","","","","","","","","","","","","","","","","","","","","","","","","","","","","","","","","","","","","","","","","","","","","","","","","","","8.13557","","","","","","",
"Australia","AUS","Government expenditure per primary student as % of GDP per capita (%)","SE.XPD.PRIM.PC.ZS","","","","","","","","","","","","","","","","","","","","","","","","","","","","","","","","","","","","","","","","","16.75547","","","","","17.92207","17.70497","17.27916","17.63353","19.9527","22.43019","20.09362","18.27611","","","",
"Austria","AUT","Government expenditure per primary student as % of GDP per capita (%)","SE.XPD.PRIM.PC.ZS","","","","","","","","","","","","","","","","","","","","","","","","","","","","","","","","","","","","","","","24.58052","24.40618","22.51919","22.48955","22.90686","22.69071","22.09407","22.70759","22.70007","22.29696","23.30296","25.29205","25.04465","24.69787","21.97138","","","",
"Azerbaijan","AZE","Government expenditure per primary student as % of GDP per capita (%)","SE.XPD.PRIM.PC.ZS","","","","","","","","","","","","","","","","","","","","","","","","","","","","","","","","","","","","","","","","","","","","","","","","","","","","","","","","",
"Burundi","BDI","Government expenditure per primary student as % of GDP per capita (%)","SE.XPD.PRIM.PC.ZS","","","","","","","","","","","","","","","","","","","","","","","","","","","","","","","","","","","","","","","","12.49222","9.46506","10.60428","11.09419","","14.71235","14.03209","","","14.46918","17.27595","15.39819","14.61138","12.73404","12.43856","","",
"Belgium","BEL","Government expenditure per primary student as % of GDP per capita (%)","SE.XPD.PRIM.PC.ZS","","","","","","","","","","","","","","","","","","","","","","","","","","","","","","","","","","","","","","","","","","17.788","17.95853","19.26674","19.26547","19.33642","19.78327","19.93443","21.79528","21.50613","22.44879","22.29648","23.08147","","","",
"Benin","BEN","Government expenditure per primary student as % of GDP per capita (%)","SE.XPD.PRIM.PC.ZS","","","","","","","","","","","","","","","","","","","","","","","","","","","","","","","","","","","","","","","","","12.04541","13.0549","11.1485","11.19805","12.03486","11.42037","12.67442","","12.92016","14.05505","15.01058","","13.6059","12.56797","11.66128","",
"Burkina Faso","BFA","Government expenditure per primary student as % of GDP per capita (%)","SE.XPD.PRIM.PC.ZS","","","","","","","","","","","","","","","","","","","","","","","","","","","","","","","","","","","","","","","","","","","","","","33.32324","29.59899","28.0451","","","18.03859","20.3696","17.25703","18.58","","",
"Bangladesh","BGD","Government expenditure per primary student as % of GDP per capita (%)","SE.XPD.PRIM.PC.ZS","","","","","","","","","","","","","","","","","","","","","","","","","","","","","","","","","","","","","","","","","","","","","","","7.80606","9.04546","8.51756","7.7608","","","","","","",
"Bulgaria","BGR","Government expenditure per primary student as % of GDP per capita (%)","SE.XPD.PRIM.PC.ZS","","","","","","","","","","","","","","","","","","","","","","","","","","","","","","","","","","","","","","","12.52627","","","14.94463","15.3723","17.98413","11.30133","22.69191","22.17059","20.99978","23.27409","23.52633","22.35478","19.55209","19.35668","","","",
"Bahrain","BHR","Government expenditure per primary student as % of GDP per capita (%)","SE.XPD.PRIM.PC.ZS","","","","","","","","","","","","","","","","","","","","","","","","","","","","","","","","","","","","","","","","","","","","","","","","","","","","","","","","",
"Bahamas, The","BHS","Government expenditure per primary student as % of GDP per capita (%)","SE.XPD.PRIM.PC.ZS","","","","","","","","","","","","","","","","","","","","","","","","","","","","","","","","","","","","","","","","","","","","","","","","","","","","","","","","",
"Bosnia and Herzegovina","BIH","Government expenditure per primary student as % of GDP per capita (%)","SE.XPD.PRIM.PC.ZS","","","","","","","","","","","","","","","","","","","","","","","","","","","","","","","","","","","","","","","","","","","","","","","","","","","","","","","","",
"Belarus","BLR","Government expenditure per primary student as % of GDP per capita (%)","SE.XPD.PRIM.PC.ZS","","","","","","","","","","","","","","","","","","","","","","","","","","","","","","","","","","","","","","","","","","","","","","","","","","","","","","","","",
"Belize","BLZ","Government expenditure per primary student as % of GDP per capita (%)","SE.XPD.PRIM.PC.ZS","","","","","","","","","","","","","","","","","","","","","","","","","","","","","","","","","","","","","","","","16.49787","15.76312","","","","11.91645","13.14644","13.53295","","14.81726","15.39968","17.43299","","14.3967","15.34578","","",
"Bermuda","BMU","Government expenditure per primary student as % of GDP per capita (%)","SE.XPD.PRIM.PC.ZS","","","","","","","","","","","","","","","","","","","","","","","","","","","","","","","","","","","","","","","","","","","","","9.40736","10.92196","","","","","11.96799","","","","8.46154","",
"Bolivia","BOL","Government expenditure per primary student as % of GDP per capita (%)","SE.XPD.PRIM.PC.ZS","","","","","","","","","","","","","","","","","","","","","","","","","","","","","","","","","","","","","","","13.65876","14.5041","12.61579","12.01663","15.62243","16.56749","","","13.97207","","18.85948","22.25848","21.29112","18.54123","18.65937","","","",
"Brazil","BRA","Government expenditure per primary student as % of GDP per capita (%)","SE.XPD.PRIM.PC.ZS","","","","","","","","","","","","","","","","","","","","","","","","","","","","","","","","","","","","","","","","10.56225","10.50031","10.34319","9.77543","","12.68392","15.18956","","16.92351","18.11903","19.64212","20.44247","20.07772","21.04017","","","",
"Barbados","BRB","Government expenditure per primary student as % of GDP per capita (%)","SE.XPD.PRIM.PC.ZS","","","","","","","","","","","","","","","","","","","","","","","","","","","","","","","","","","","","","","","","10.39644","13.89868","19.16678","17.58063","19.1845","19.60628","18.98914","","","22.55518","","","","","","","",
"Brunei Darussalam","BRN","Government expenditure per primary student as % of GDP per capita (%)","SE.XPD.PRIM.PC.ZS","","","","","","","","","","","","","","","","","","","","","","","","","","","","","","","","","","","","","","","","","","","","","","","","","","","5.15607","","","","","",
"Bhutan","BTN","Government expenditure per primary student as % of GDP per capita (%)","SE.XPD.PRIM.PC.ZS","","","","","","","","","","","","","","","","","","","","","","","","","","","","","","","","","","","","","","","","","","","","","8.15145","10.28841","","","7.29124","8.99587","7.7978","9.52374","","8.18258","13.77063","",
"Botswana","BWA","Government expenditure per primary student as % of GDP per capita (%)","SE.XPD.PRIM.PC.ZS","","","","","","","","","","","","","","","","","","","","","","","","","","","","","","","","","","","","","","","","","","","","","","18.09568","","14.04325","","10.14517","","","","","","",
"Central African Republic","CAF","Government expenditure per primary student as % of GDP per capita (%)","SE.XPD.PRIM.PC.ZS","","","","","","","","","","","","","","","","","","","","","","","","","","","","","","","","","","","","","","","","","","","","","","","7.08238","5.22479","","4.4311","4.38215","","","","","",
"Canada","CAN","Government expenditure per primary student as % of GDP per capita (%)","SE.XPD.PRIM.PC.ZS","","","","","","","","","","","","","","","","","","","","","","","","","","","","","","","","","","","","","","","","","","","","","","","","","","","","","","","","",
"Central Europe and the Baltics","CEB","Government expenditure per primary student as % of GDP per capita (%)","SE.XPD.PRIM.PC.ZS","","","","","","","","","","","","","","","","","","","","","","","","","","","","","","","","","","","","","","","","","","","","","","","","","","","","","","","","",
"Switzerland","CHE","Government expenditure per primary student as % of GDP per capita (%)","SE.XPD.PRIM.PC.ZS","","","","","","","","","","","","","","","","","","","","","","","","","","","","","","","","","","","","","","","21.63201","","","","","","","","","","","21.90953","21.98747","23.43441","24.49224","","","",
"Channel Islands","CHI","Government expenditure per primary student as % of GDP per capita (%)","SE.XPD.PRIM.PC.ZS","","","","","","","","","","","","","","","","","","","","","","","","","","","","","","","","","","","","","","","","","","","","","","","","","","","","","","","","",
"Chile","CHL","Government expenditure per primary student as % of GDP per capita (%)","SE.XPD.PRIM.PC.ZS","","","","","","","","","","","","","","","","","","","","","","","","","","","","","","","","","","","","","","","12.09238","","13.69913","","15.20366","14.30686","12.13368","11.45314","10.56923","11.3457","14.02605","16.27046","14.7152","15.16763","17.03762","15.92885","","",
"China","CHN","Government expenditure per primary student as % of GDP per capita (%)","SE.XPD.PRIM.PC.ZS","","","","","","","","","","","","","","","","","","","","","","","","","","","","","","","","","","","","","","","5.92409","","","","","","","","","","","","","","","","","",
"Cote d'Ivoire","CIV","Government expenditure per primary student as % of GDP per capita (%)","SE.XPD.PRIM.PC.ZS","","","","","","","","","","","","","","","","","","","","","","","","","","","","","","","","","","","","","","","13.96621","14.11273","12.77807","12.42403","","","","","","","","","","","14.09437","","12.08311","",
"Cameroon","CMR","Government expenditure per primary student as % of GDP per capita (%)","SE.XPD.PRIM.PC.ZS","","","","","","","","","","","","","","","","","","","","","","","","","","","","","","","","","","","","","","","","","","","","","","6.67052","7.09094","7.62078","5.89165","7.09944","6.64983","5.89114","6.05134","","","",
"Congo, Rep.","COG","Government expenditure per primary student as % of GDP per capita (%)","SE.XPD.PRIM.PC.ZS","","","","","","","","","","","","","","","","","","","","","","","","","","","","","","","","","","","","","","","","","","","7.09444","","","2.96765","","","","","11.24503","","","","","",
"Colombia","COL","Government expenditure per primary student as % of GDP per capita (%)","SE.XPD.PRIM.PC.ZS","","","","","","","","","","","","","","","","","","","","","","","","","","","","","","","","","","","","","","","13.24931","15.24253","11.95551","13.06542","13.51016","","15.94129","15.4463","13.05167","12.49926","12.45925","15.75964","15.83455","15.16909","15.42317","17.32606","17.9104","",
"Comoros","COM","Government expenditure per primary student as % of GDP per capita (%)","SE.XPD.PRIM.PC.ZS","","","","","","","","","","","","","","","","","","","","","","","","","","","","","","","","","","","","","","","9.18905","","","","9.35617","","","","","","27.8088","","","16.63338","","","","",
"Cabo Verde","CPV","Government expenditure per primary student as % of GDP per capita (%)","SE.XPD.PRIM.PC.ZS","","","","","","","","","","","","","","","","","","","","","","","","","","","","","","","","","","","","","","","","","","","17.64279","","","19.71108","18.81068","13.61652","12.7316","15.45551","","15.44246","","14.2435","","",
"Costa Rica","CRI","Government expenditure per primary student as % of GDP per capita (%)","SE.XPD.PRIM.PC.ZS","","","","","","","","","","","","","","","","","","","","","","","","","","","","","","","","","","","","","","","","15.51693","14.56761","14.62216","16.13404","","16.92943","","","","","","","","","","","",
"Caribbean small states","CSS","Government expenditure per primary student as % of GDP per capita (%)","SE.XPD.PRIM.PC.ZS","","","","","","","","","","","","","","","","","","","","","","","","","","","","","","","","","","","","","","","","","","","","","","","","","","","","","","","","",
"Cuba","CUB","Government expenditure per primary student as % of GDP per capita (%)","SE.XPD.PRIM.PC.ZS","","","","","","","","","","","","","","","","","","","","","","","","","","","","","","","","","","","","","","","22.27969","25.06832","28.31769","28.90505","37.29421","","40.56768","40.37672","33.71987","45.77522","46.43353","43.44697","49.31207","","","","","",
"Curacao","CUW","Government expenditure per primary student as % of GDP per capita (%)","SE.XPD.PRIM.PC.ZS","","","","","","","","","","","","","","","","","","","","","","","","","","","","","","","","","","","","","","","","","","","","","","","","","","","","","","","","",
"Cayman Islands","CYM","Government expenditure per primary student as % of GDP per capita (%)","SE.XPD.PRIM.PC.ZS","","","","","","","","","","","","","","","","","","","","","","","","","","","","","","","","","","","","","","","","","","","","","","","","","","","","","","","","",
"Cyprus","CYP","Government expenditure per primary student as % of GDP per capita (%)","SE.XPD.PRIM.PC.ZS","","","","","","","","","","","","","","","","","","","","","","","","","","","","","","","","","","","","","","","","16.01454","15.01276","17.69119","18.5459","21.4496","20.02456","20.88375","22.35319","23.72016","26.19738","29.27932","31.26322","32.57038","","","","",
"Czech Republic","CZE","Government expenditure per primary student as % of GDP per capita (%)","SE.XPD.PRIM.PC.ZS","","","","","","","","","","","","","","","","","","","","","","","","","","","","","","","","","","","","","","","9.67488","10.39877","10.58886","10.20573","10.81844","11.73165","11.65012","11.49706","12.39569","11.97508","12.46212","15.08621","14.89601","15.44995","15.74919","","","",
"Germany","DEU","Government expenditure per primary student as % of GDP per capita (%)","SE.XPD.PRIM.PC.ZS","","","","","","","","","","","","","","","","","","","","","","","","","","","","","","","","","","","","","","","16.51449","","","","","","","","15.62463","15.15019","15.12277","17.21403","17.68815","17.4039","17.36006","","","",
"Djibouti","DJI","Government expenditure per primary student as % of GDP per capita (%)","SE.XPD.PRIM.PC.ZS","","","","","","","","","","","","","","","","","","","","","","","","","","","","","","","","","","","","","","","43.00154","","","","","","","","21.31894","22.52813","22.93428","","","","","","","",
"Dominica","DMA","Government expenditure per primary student as % of GDP per capita (%)","SE.XPD.PRIM.PC.ZS","","","","","","","","","","","","","","","","","","","","","","","","","","","","","","","","","","","","","","","","","","","","","","","","13.44082","17.13223","13.30492","14.79106","14.94983","13.39884","","","",
"Denmark","DNK","Government expenditure per primary student as % of GDP per capita (%)","SE.XPD.PRIM.PC.ZS","","","","","","","","","","","","","","","","","","","","","","","","","","","","","","","","","","","","","","","26.33722","24.05077","23.6179","24.80682","23.97886","","24.22068","24.60461","23.94043","23.8176","24.15606","28.08105","28.07284","21.8441","","","","",
"Dominican Republic","DOM","Government expenditure per primary student as % of GDP per capita (%)","SE.XPD.PRIM.PC.ZS","","","","","","","","","","","","","","","","","","","","","","","","","","","","","","","","","","","","","","","","","","","7.89702","","4.58821","7.01869","","8.54048","6.94519","6.9728","7.30482","7.0772","8.9866","15.28707","15.79862","",
"Algeria","DZA","Government expenditure per primary student as % of GDP per capita (%)","SE.XPD.PRIM.PC.ZS","","","","","","","","","","","","","","","","","","","","","","","","","","","","","","","","","","","","","","","","12.44347","10.11494","","11.23548","11.73824","","","","","","","","","","","","",
"East Asia & Pacific (developing only)","EAP","Government expenditure per primary student as % of GDP per capita (%)","SE.XPD.PRIM.PC.ZS","","","","","","","","","","","","","","","","","","","","","","","","","","","","","","","","","","","","","","","","","","","","","","","","","","","","","","","","",
"East Asia & Pacific (all income levels)","EAS","Government expenditure per primary student as % of GDP per capita (%)","SE.XPD.PRIM.PC.ZS","","","","","","","","","","","","","","","","","","","","","","","","","","","","","","","","","","","","","","","","","","","","","","","","","","","","","","","","",
"Europe & Central Asia (developing only)","ECA","Government expenditure per primary student as % of GDP per capita (%)","SE.XPD.PRIM.PC.ZS","","","","","","","","","","","","","","","","","","","","","","","","","","","","","","","","","","","","","","","","","","","","","","","","","","","","","","","","",
"Europe & Central Asia (all income levels)","ECS","Government expenditure per primary student as % of GDP per capita (%)","SE.XPD.PRIM.PC.ZS","","","","","","","","","","","","","","","","","","","","","","","","","","","","","","","","","","","","","","","","","","","","","","","","","","","","","","","","",
"Ecuador","ECU","Government expenditure per primary student as % of GDP per capita (%)","SE.XPD.PRIM.PC.ZS","","","","","","","","","","","","","","","","","","","","","","","","","","","","","","","","","","","","","","","","3.77574","2.82494","","","","","","","","","","8.68149","8.30216","7.82805","7.47333","14.43946","",
"Egypt, Arab Rep.","EGY","Government expenditure per primary student as % of GDP per capita (%)","SE.XPD.PRIM.PC.ZS","","","","","","","","","","","","","","","","","","","","","","","","","","","","","","","","","","","","","","","","","","","","","","","","","","","","","","","","",
"Euro area","EMU","Government expenditure per primary student as % of GDP per capita (%)","SE.XPD.PRIM.PC.ZS","","","","","","","","","","","","","","","","","","","","","","","","","","","","","","","","","","","","","","","","","","","","","","","","","","","","","","","","",
"Eritrea","ERI","Government expenditure per primary student as % of GDP per capita (%)","SE.XPD.PRIM.PC.ZS","","","","","","","","","","","","","","","","","","","","","","","","","","","","","","","","","","","","","","","","","","14.74572","11.88332","","9.03706","","","","","","","","","","","",
"Spain","ESP","Government expenditure per primary student as % of GDP per capita (%)","SE.XPD.PRIM.PC.ZS","","","","","","","","","","","","","","","","","","","","","","","","","","","","","","","","","","","","","","","16.75813","17.53044","17.09758","17.48642","17.76286","18.16935","18.5236","18.70023","19.01719","19.04052","20.00161","21.27629","21.07273","20.86306","18.81992","","","",
"Estonia","EST","Government expenditure per primary student as % of GDP per capita (%)","SE.XPD.PRIM.PC.ZS","","","","","","","","","","","","","","","","","","","","","","","","","","","","","","","","","","","","","","","17.23792","20.91542","","18.26701","19.48965","19.07917","18.71968","19.41384","","19.19807","25.23263","27.13931","24.80837","22.64505","23.06284","","","",
"Ethiopia","ETH","Government expenditure per primary student as % of GDP per capita (%)","SE.XPD.PRIM.PC.ZS","","","","","","","","","","","","","","","","","","","","","","","","","","","","","","","","","","","","","","","","","","","","","","","","","","9.14125","7.94429","","","","","",
"European Union","EUU","Government expenditure per primary student as % of GDP per capita (%)","SE.XPD.PRIM.PC.ZS","","","","","","","","","","","","","","","","","","","","","","","","","","","","","","","","","","","","","","","","","","","","","","","","","","","","","","","","",
"Fragile and conflict affected situations","FCS","Government expenditure per primary student as % of GDP per capita (%)","SE.XPD.PRIM.PC.ZS","","","","","","","","","","","","","","","","","","","","","","","","","","","","","","","","","","","","","","","","","","","","","","","","","","","","","","","","",
"Finland","FIN","Government expenditure per primary student as % of GDP per capita (%)","SE.XPD.PRIM.PC.ZS","","","","","","","","","","","","","","","","","","","","","","","","","","","","","","","","","","","","","","","","16.81586","16.3202","16.73011","17.20851","17.70462","17.78093","17.21847","17.3281","16.79146","17.70355","19.51865","20.12141","20.22268","20.63138","","","",
"Fiji","FJI","Government expenditure per primary student as % of GDP per capita (%)","SE.XPD.PRIM.PC.ZS","","","","","","","","","","","","","","","","","","","","","","","","","","","","","","","","","","","","","","","","","","","","","17.39477","","","","","","","16.42361","","13.66639","","",
"France","FRA","Government expenditure per primary student as % of GDP per capita (%)","SE.XPD.PRIM.PC.ZS","","","","","","","","","","","","","","","","","","","","","","","","","","","","","","","","","","","","","","","","17.40046","17.44729","17.43709","17.69489","17.67069","17.88182","17.48539","17.16975","17.79342","17.49656","17.9655","18.12466","17.90176","18.47158","","","",
"Faroe Islands","FRO","Government expenditure per primary student as % of GDP per capita (%)","SE.XPD.PRIM.PC.ZS","","","","","","","","","","","","","","","","","","","","","","","","","","","","","","","","","","","","","","","","","","","","","","","","","","","","","","","","",
"Micronesia, Fed. Sts.","FSM","Government expenditure per primary student as % of GDP per capita (%)","SE.XPD.PRIM.PC.ZS","","","","","","","","","","","","","","","","","","","","","","","","","","","","","","","","","","","","","","","","","","","","","","","","","","","","","","","","",
"Gabon","GAB","Government expenditure per primary student as % of GDP per capita (%)","SE.XPD.PRIM.PC.ZS","","","","","","","","","","","","","","","","","","","","","","","","","","","","","","","","","","","","","","","","","","","","","","","","","","","","","","","","",
"United Kingdom","GBR","Government expenditure per primary student as % of GDP per capita (%)","SE.XPD.PRIM.PC.ZS","","","","","","","","","","","","","","","","","","","","","","","","","","","","","","","","","","","","","","","13.48708","13.2281","13.62631","14.11953","15.32414","17.25703","16.69289","17.79276","20.65659","21.8394","22.20666","23.13598","25.23767","25.13441","","23.48234","","",
"Georgia","GEO","Government expenditure per primary student as % of GDP per capita (%)","SE.XPD.PRIM.PC.ZS","","","","","","","","","","","","","","","","","","","","","","","","","","","","","","","","","","","","","","","","","","","","","","","","","14.8026","","","13.22727","10.6474","","","",
"Ghana","GHA","Government expenditure per primary student as % of GDP per capita (%)","SE.XPD.PRIM.PC.ZS","","","","","","","","","","","","","","","","","","","","","","","","","","","","","","","","","","","","","","","","","","17.31572","","","23.26904","21.3749","13.60616","12.63911","12.69094","11.40785","","23.8099","16.81044","9.38731","","",
"Guinea","GIN","Government expenditure per primary student as % of GDP per capita (%)","SE.XPD.PRIM.PC.ZS","","","","","","","","","","","","","","","","","","","","","","","","","","","","","","","","","","","","","","","","","","","","","","","","","7.52017","10.22222","10.74842","7.81746","7.70627","10.01868","","",
"Gambia, The","GMB","Government expenditure per primary student as % of GDP per capita (%)","SE.XPD.PRIM.PC.ZS","","","","","","","","","","","","","","","","","","","","","","","","","","","","","","","","","","","","","","","","","","4.66547","5.83765","5.09723","4.30202","4.8969","5.48142","5.7338","15.40269","","19.92479","18.89311","17.99993","10.50581","","",
"Guinea-Bissau","GNB","Government expenditure per primary student as % of GDP per capita (%)","SE.XPD.PRIM.PC.ZS","","","","","","","","","","","","","","","","","","","","","","","","","","","","","","","","","","","","","","","","","","","","","","","","","","","4.95503","","","","","",
"Equatorial Guinea","GNQ","Government expenditure per primary student as % of GDP per capita (%)","SE.XPD.PRIM.PC.ZS","","","","","","","","","","","","","","","","","","","","","","","","","","","","","","","","","","","","","","","","","","","","","","","","","","","","","","","","",
"Greece","GRC","Government expenditure per primary student as % of GDP per capita (%)","SE.XPD.PRIM.PC.ZS","","","","","","","","","","","","","","","","","","","","","","","","","","","","","","","","","","","","","","","","","","","","","","","","","","","","","","","","",
"Grenada","GRD","Government expenditure per primary student as % of GDP per capita (%)","SE.XPD.PRIM.PC.ZS","","","","","","","","","","","","","","","","","","","","","","","","","","","","","","","","","","","","","","","","","","","","8.78838","","","","","","","","","","","","",
"Greenland","GRL","Government expenditure per primary student as % of GDP per capita (%)","SE.XPD.PRIM.PC.ZS","","","","","","","","","","","","","","","","","","","","","","","","","","","","","","","","","","","","","","","","","","","","","","","","","","","","","","","","",
"Guatemala","GTM","Government expenditure per primary student as % of GDP per capita (%)","SE.XPD.PRIM.PC.ZS","","","","","","","","","","","","","","","","","","","","","","","","","","","","","","","","","","","","","","","","","6.64019","8.36128","7.36435","","5.38407","5.75719","10.82737","10.24496","10.3923","","8.41643","9.16205","9.6946","9.27319","","",
"Guam","GUM","Government expenditure per primary student as % of GDP per capita (%)","SE.XPD.PRIM.PC.ZS","","","","","","","","","","","","","","","","","","","","","","","","","","","","","","","","","","","","","","","","","","","","","","","","","","","","","","","","",
"Guyana","GUY","Government expenditure per primary student as % of GDP per capita (%)","SE.XPD.PRIM.PC.ZS","","","","","","","","","","","","","","","","","","","","","","","","","","","","","","","","","","","","","","","","","","","","18.33693","","","10.15324","8.98174","","8.52658","8.42744","8.20861","8.21523","","","",
"High income","HIC","Government expenditure per primary student as % of GDP per capita (%)","SE.XPD.PRIM.PC.ZS","","","","","","","","","","","","","","","","","","","","","","","","","","","","","","","","","","","","","","","","","","","","","","","","","","","","","","","","",
"Hong Kong SAR, China","HKG","Government expenditure per primary student as % of GDP per capita (%)","SE.XPD.PRIM.PC.ZS","","","","","","","","","","","","","","","","","","","","","","","","","","","","","","","","","","","","","","","","","","12.18348","12.62231","13.86127","14.90731","14.36459","13.52402","12.27177","12.37473","13.48292","14.69727","14.72283","14.18967","14.72014","14.93189","",
"Honduras","HND","Government expenditure per primary student as % of GDP per capita (%)","SE.XPD.PRIM.PC.ZS","","","","","","","","","","","","","","","","","","","","","","","","","","","","","","","","","","","","","","","","","","","","","","","","","","","18.26212","","","19.73123","","",
"Heavily indebted poor countries (HIPC)","HPC","Government expenditure per primary student as % of GDP per capita (%)","SE.XPD.PRIM.PC.ZS","","","","","","","","","","","","","","","","","","","","","","","","","","","","","","","","","","","","","","","","","","","","","","","","","","","","","","","","",
"Croatia","HRV","Government expenditure per primary student as % of GDP per capita (%)","SE.XPD.PRIM.PC.ZS","","","","","","","","","","","","","","","","","","","","","","","","","","","","","","","","","","","","","","","","","","","","","","","","","","","","","","","","",
"Haiti","HTI","Government expenditure per primary student as % of GDP per capita (%)","SE.XPD.PRIM.PC.ZS","","","","","","","","","","","","","","","","","","","","","","","","","","","","","","","","","","","","","","","","","","","","","","","","","","","","","","","","",
"Hungary","HUN","Government expenditure per primary student as % of GDP per capita (%)","SE.XPD.PRIM.PC.ZS","","","","","","","","","","","","","","","","","","","","","","","","","","","","","","","","","","","","","","","17.75601","17.62429","18.97965","19.64208","20.0074","21.51897","23.09381","25.33439","25.29815","24.93504","21.61226","21.76997","22.15795","19.33122","18.90532","","","",
"Indonesia","IDN","Government expenditure per primary student as % of GDP per capita (%)","SE.XPD.PRIM.PC.ZS","","","","","","","","","","","","","","","","","","","","","","","","","","","","","","","","","","","","","","","","","","","","","","","","11.41725","11.3014","13.42389","9.9147","10.84187","11.41123","11.86247","","",
"Isle of Man","IMN","Government expenditure per primary student as % of GDP per capita (%)","SE.XPD.PRIM.PC.ZS","","","","","","","","","","","","","","","","","","","","","","","","","","","","","","","","","","","","","","","","","","","","","","","","","","","","","","","","",
"India","IND","Government expenditure per primary student as % of GDP per capita (%)","SE.XPD.PRIM.PC.ZS","","","","","","","","","","","","","","","","","","","","","","","","","","","","","","","","","","","","","","","","11.83843","14.40171","13.3116","","10.98533","","","","","","7.27265","7.19477","8.65108","9.0891","","","",
"Not classified","INX","Government expenditure per primary student as % of GDP per capita (%)","SE.XPD.PRIM.PC.ZS","","","","","","","","","","","","","","","","","","","","","","","","","","","","","","","","","","","","","","","","","","","","","","","","","","","","","","","","",
"Ireland","IRL","Government expenditure per primary student as % of GDP per capita (%)","SE.XPD.PRIM.PC.ZS","","","","","","","","","","","","","","","","","","","","","","","","","","","","","","","","","","","","","","","11.23651","10.78172","10.85487","11.46212","11.84203","12.89713","13.64595","14.02486","14.35025","15.30976","18.13639","20.17946","19.54493","18.7007","19.08734","","","",
"Iran, Islamic Rep.","IRN","Government expenditure per primary student as % of GDP per capita (%)","SE.XPD.PRIM.PC.ZS","","","","","","","","","","","","","","","","","","","","","","","","","","","","","","","","","","","","","","","","","","9.39779","11.38172","11.24053","11.66812","11.8403","16.77745","17.62767","15.56244","14.42713","13.73117","14.45335","11.04064","8.45427","8.52818","",
"Iraq","IRQ","Government expenditure per primary student as % of GDP per capita (%)","SE.XPD.PRIM.PC.ZS","","","","","","","","","","","","","","","","","","","","","","","","","","","","","","","","","","","","","","","","","","","","","","","","","","","","","","","","",
"Iceland","ISL","Government expenditure per primary student as % of GDP per capita (%)","SE.XPD.PRIM.PC.ZS","","","","","","","","","","","","","","","","","","","","","","","","","","","","","","","","","","","","","","","","21.45114","21.58381","20.96573","24.50451","23.4572","23.60989","24.85569","25.42088","24.89424","25.59191","25.65205","25.07641","25.67951","","","","",
"Israel","ISR","Government expenditure per primary student as % of GDP per capita (%)","SE.XPD.PRIM.PC.ZS","","","","","","","","","","","","","","","","","","","","","","","","","","","","","","","","","","","","","","","","21.29832","20.28154","22.03258","22.67327","21.9739","21.12832","20.9262","20.82167","20.01367","20.11081","20.05987","21.6194","22.69348","","","","",
"Italy","ITA","Government expenditure per primary student as % of GDP per capita (%)","SE.XPD.PRIM.PC.ZS","","","","","","","","","","","","","","","","","","","","","","","","","","","","","","","","","","","","","","","22.19648","23.10399","22.27332","22.78178","23.47265","24.08902","23.62787","21.83874","23.68157","21.39781","23.08066","23.93076","22.81787","21.50026","20.66145","","","",
"Jamaica","JAM","Government expenditure per primary student as % of GDP per capita (%)","SE.XPD.PRIM.PC.ZS","","","","","","","","","","","","","","","","","","","","","","","","","","","","","","","","","","","","","","","","","","","","12.46754","10.11614","12.7532","","17.33665","15.81638","17.61464","21.07242","20.63229","21.68875","22.49836","22.22289","",
"Jordan","JOR","Government expenditure per primary student as % of GDP per capita (%)","SE.XPD.PRIM.PC.ZS","","","","","","","","","","","","","","","","","","","","","","","","","","","","","","","","","","","","","","","13.31063","13.65542","","","14.37036","15.77471","14.54817","15.43666","12.84265","12.56809","12.32949","","","12.24048","","","","",
"Japan","JPN","Government expenditure per primary student as % of GDP per capita (%)","SE.XPD.PRIM.PC.ZS","","","","","","","","","","","","","","","","","","","","","","","","","","","","","","","","","","","","","","","19.82051","20.77577","21.32105","21.56811","22.13843","22.58453","22.33826","21.97623","21.84682","21.74553","21.62703","","23.81039","23.48148","23.79371","23.91826","","",
"Kazakhstan","KAZ","Government expenditure per primary student as % of GDP per capita (%)","SE.XPD.PRIM.PC.ZS","","","","","","","","","","","","","","","","","","","","","","","","","","","","","","","","","","","","","","","","","","","","","","","","","","","","","","0.31296","0.38137","",
"Kenya","KEN","Government expenditure per primary student as % of GDP per capita (%)","SE.XPD.PRIM.PC.ZS","","","","","","","","","","","","","","","","","","","","","","","","","","","","","","","","","","","","","","","","","21.37795","20.90685","","23.21593","24.15592","","22.37319","","","","","","","","","",
"Kyrgyz Republic","KGZ","Government expenditure per primary student as % of GDP per capita (%)","SE.XPD.PRIM.PC.ZS","","","","","","","","","","","","","","","","","","","","","","","","","","","","","","","","","","","","","","","","","","","","","","","","","","","","","","","","",
"Cambodia","KHM","Government expenditure per primary student as % of GDP per capita (%)","SE.XPD.PRIM.PC.ZS","","","","","","","","","","","","","","","","","","","","","","","","","","","","","","","","","","","","","","","5.07554","","5.67726","6.57734","5.14623","","","","","","","","6.88351","","","","","",
"Kiribati","KIR","Government expenditure per primary student as % of GDP per capita (%)","SE.XPD.PRIM.PC.ZS","","","","","","","","","","","","","","","","","","","","","","","","","","","","","","","","","","","","","","","","25.98797","24.70337","22.10054","","","","","","","","","","","","","","",
"St. Kitts and Nevis","KNA","Government expenditure per primary student as % of GDP per capita (%)","SE.XPD.PRIM.PC.ZS","","","","","","","","","","","","","","","","","","","","","","","","","","","","","","","","","","","","","","","18.369","","","","","","","","","","","","","","","","","",
"Korea, Rep.","KOR","Government expenditure per primary student as % of GDP per capita (%)","SE.XPD.PRIM.PC.ZS","","","","","","","","","","","","","","","","","","","","","","","","","","","","","","","","","","","","","","","16.34336","16.86822","","14.88977","14.78532","16.65148","17.05331","16.48927","16.18654","15.94777","19.22205","22.67065","","","","23.45917","","",
"Kosovo","KSV","Government expenditure per primary student as % of GDP per capita (%)","SE.XPD.PRIM.PC.ZS","","","","","","","","","","","","","","","","","","","","","","","","","","","","","","","","","","","","","","","","","","","","","","","","","","","","","","","","",
"Kuwait","KWT","Government expenditure per primary student as % of GDP per capita (%)","SE.XPD.PRIM.PC.ZS","","","","","","","","","","","","","","","","","","","","","","","","","","","","","","","","","","","","","","","","","","16.67054","16.3827","16.1747","13.92749","10.17586","8.6651","","10.44149","","","17.42637","","","","",
"Latin America & Caribbean (developing only)","LAC","Government expenditure per primary student as % of GDP per capita (%)","SE.XPD.PRIM.PC.ZS","","","","","","","","","","","","","","","","","","","","","","","","","","","","","","","","","","","","","","","","","","","","","","","","","","","","","","","","",
"Lao PDR","LAO","Government expenditure per primary student as % of GDP per capita (%)","SE.XPD.PRIM.PC.ZS","","","","","","","","","","","","","","","","","","","","","","","","","","","","","","","","","","","","","","","","","","","8.27247","","","9.81286","","","","","","","","","","",
"Lebanon","LBN","Government expenditure per primary student as % of GDP per capita (%)","SE.XPD.PRIM.PC.ZS","","","","","","","","","","","","","","","","","","","","","","","","","","","","","","","","","","","","","","","","","","","","","","","","","","","","","","","","",
"Liberia","LBR","Government expenditure per primary student as % of GDP per capita (%)","SE.XPD.PRIM.PC.ZS","","","","","","","","","","","","","","","","","","","","","","","","","","","","","","","","","","","","","","","","","","","","","","","","","","","","","","","","",
"Libya","LBY","Government expenditure per primary student as % of GDP per capita (%)","SE.XPD.PRIM.PC.ZS","","","","","","","","","","","","","","","","","","","","","","","","","","","","","","","","","","","","","","","","","","","","","","","","","","","","","","","","",
"St. Lucia","LCA","Government expenditure per primary student as % of GDP per capita (%)","SE.XPD.PRIM.PC.ZS","","","","","","","","","","","","","","","","","","","","","","","","","","","","","","","","","","","","","","","","26.85467","","","","13.46086","13.41522","","","","","13.78372","15.77275","17.02971","15.90136","17.97118","18.12766","",
"Latin America & Caribbean (all income levels)","LCN","Government expenditure per primary student as % of GDP per capita (%)","SE.XPD.PRIM.PC.ZS","","","","","","","","","","","","","","","","","","","","","","","","","","","","","","","","","","","","","","","","","","","","","","","","","","","","","","","","",
"Least developed countries: UN classification","LDC","Government expenditure per primary student as % of GDP per capita (%)","SE.XPD.PRIM.PC.ZS","","","","","","","","","","","","","","","","","","","","","","","","","","","","","","","","","","","","","","","","","","","","","","","","","","","","","","","","",
"Low income","LIC","Government expenditure per primary student as % of GDP per capita (%)","SE.XPD.PRIM.PC.ZS","","","","","","","","","","","","","","","","","","","","","","","","","","","","","","","","","","","","","","","","","","","","","","","","","","","","","","","","",
"Liechtenstein","LIE","Government expenditure per primary student as % of GDP per capita (%)","SE.XPD.PRIM.PC.ZS","","","","","","","","","","","","","","","","","","","","","","","","","","","","","","","","","","","","","","","","","","","","11.08297","10.72728","","9.93524","9.24041","10.49201","","20.98889","17.83529","","","","",
"Sri Lanka","LKA","Government expenditure per primary student as % of GDP per capita (%)","SE.XPD.PRIM.PC.ZS","","","","","","","","","","","","","","","","","","","","","","","","","","","","","","","","","","","","","","","","","","","","","","","","","","7.34843","5.90962","5.80979","4.77955","","","",
"Lower middle income","LMC","Government expenditure per primary student as % of GDP per capita (%)","SE.XPD.PRIM.PC.ZS","","","","","","","","","","","","","","","","","","","","","","","","","","","","","","","","","","","","","","","","","","","","","","","","","","","","","","","","",
"Low & middle income","LMY","Government expenditure per primary student as % of GDP per capita (%)","SE.XPD.PRIM.PC.ZS","","","","","","","","","","","","","","","","","","","","","","","","","","","","","","","","","","","","","","","","","","","","","","","","","","","","","","","","",
"Lesotho","LSO","Government expenditure per primary student as % of GDP per capita (%)","SE.XPD.PRIM.PC.ZS","","","","","","","","","","","","","","","","","","","","","","","","","","","","","","","","","","","","","","","","34.65706","28.17484","25.91588","","","","28.50269","25.35867","","22.79359","","","","","","","",
"Lithuania","LTU","Government expenditure per primary student as % of GDP per capita (%)","SE.XPD.PRIM.PC.ZS","","","","","","","","","","","","","","","","","","","","","","","","","","","","","","","","","","","","","","","","","","","","","50.68739","52.74655","54.4347","51.43661","58.67046","61.00482","77.41897","70.64836","","","","",
"Luxembourg","LUX","Government expenditure per primary student as % of GDP per capita (%)","SE.XPD.PRIM.PC.ZS","","","","","","","","","","","","","","","","","","","","","","","","","","","","","","","","","","","","","","","","","","","","","","","","","15.54926","","24.75712","24.99229","","","","",
"Latvia","LVA","Government expenditure per primary student as % of GDP per capita (%)","SE.XPD.PRIM.PC.ZS","","","","","","","","","","","","","","","","","","","","","","","","","","","","","","","","","","","","","","","11.89715","11.92719","10.95806","10.97146","12.4061","12.33945","12.80708","","23.45219","14.70985","18.79546","20.71264","18.68878","17.46148","16.20134","","","",
"Macao SAR, China","MAC","Government expenditure per primary student as % of GDP per capita (%)","SE.XPD.PRIM.PC.ZS","","","","","","","","","","","","","","","","","","","","","","","","","","","","","","","","","","","","","","","","","8.34131","","6.59685","7.71182","","","","","","","","","","","","",
"St. Martin (French part)","MAF","Government expenditure per primary student as % of GDP per capita (%)","SE.XPD.PRIM.PC.ZS","","","","","","","","","","","","","","","","","","","","","","","","","","","","","","","","","","","","","","","","","","","","","","","","","","","","","","","","",
"Morocco","MAR","Government expenditure per primary student as % of GDP per capita (%)","SE.XPD.PRIM.PC.ZS","","","","","","","","","","","","","","","","","","","","","","","","","","","","","","","","","","","","","","","18.81083","17.36086","18.05656","16.79158","16.98315","16.4873","16.56615","20.16053","17.19626","14.36475","16.01372","16.73349","17.99167","18.04977","18.99749","19.68237","","",
"Monaco","MCO","Government expenditure per primary student as % of GDP per capita (%)","SE.XPD.PRIM.PC.ZS","","","","","","","","","","","","","","","","","","","","","","","","","","","","","","","","","","","","","","","3.28124","3.23924","3.15949","","","","3.4866","","","","","3.95371","4.07631","4.0047","","","","",
"Moldova","MDA","Government expenditure per primary student as % of GDP per capita (%)","SE.XPD.PRIM.PC.ZS","","","","","","","","","","","","","","","","","","","","","","","","","","","","","","","","","","","","","","","","","","","","","","","","31.61991","33.63929","41.71911","41.41951","41.52571","39.31168","","43.74291","",
"Madagascar","MDG","Government expenditure per primary student as % of GDP per capita (%)","SE.XPD.PRIM.PC.ZS","","","","","","","","","","","","","","","","","","","","","","","","","","","","","","","","","","","","","","","5.89528","","","","","","","11.21119","9.79933","9.30506","7.72801","7.87443","","6.59146","6.55103","","","",
"Maldives","MDV","Government expenditure per primary student as % of GDP per capita (%)","SE.XPD.PRIM.PC.ZS","","","","","","","","","","","","","","","","","","","","","","","","","","","","","","","","","","","","","","","","","","","","12.6301","11.89835","14.50637","13.81076","","16.09451","","","","","","","",
"Middle East & North Africa (all income levels)","MEA","Government expenditure per primary student as % of GDP per capita (%)","SE.XPD.PRIM.PC.ZS","","","","","","","","","","","","","","","","","","","","","","","","","","","","","","","","","","","","","","","","","","","","","","","","","","","","","","","","",
"Mexico","MEX","Government expenditure per primary student as % of GDP per capita (%)","SE.XPD.PRIM.PC.ZS","","","","","","","","","","","","","","","","","","","","","","","","","","","","","","","","","","","","","","","8.58724","10.28669","11.73518","12.4787","13.06169","14.81889","14.20954","14.44772","14.13925","14.04366","14.13852","14.80303","14.77504","14.60201","","","","",
"Marshall Islands","MHL","Government expenditure per primary student as % of GDP per capita (%)","SE.XPD.PRIM.PC.ZS","","","","","","","","","","","","","","","","","","","","","","","","","","","","","","","","","","","","","","","","","","","23.48189","","","","","","","","","","","","","",
"Middle income","MIC","Government expenditure per primary student as % of GDP per capita (%)","SE.XPD.PRIM.PC.ZS","","","","","","","","","","","","","","","","","","","","","","","","","","","","","","","","","","","","","","","","","","","","","","","","","","","","","","","","",
"Macedonia, FYR","MKD","Government expenditure per primary student as % of GDP per capita (%)","SE.XPD.PRIM.PC.ZS","","","","","","","","","","","","","","","","","","","","","","","","","","","","","","","","","","","","","","","","","","","","","","","","","","","","","","","","",
"Mali","MLI","Government expenditure per primary student as % of GDP per capita (%)","SE.XPD.PRIM.PC.ZS","","","","","","","","","","","","","","","","","","","","","","","","","","","","","","","","","","","","","","","14.9955","13.89282","","","","","","","","","10.73484","13.62216","6.63828","11.99989","11.27204","11.4219","13.53015","",
"Malta","MLT","Government expenditure per primary student as % of GDP per capita (%)","SE.XPD.PRIM.PC.ZS","","","","","","","","","","","","","","","","","","","","","","","","","","","","","","","","","","","","","","","11.12098","","","","13.05718","","13.05996","","","20.11274","20.6636","20.00539","24.82125","20.36213","27.34301","","","",
"Myanmar","MMR","Government expenditure per primary student as % of GDP per capita (%)","SE.XPD.PRIM.PC.ZS","","","","","","","","","","","","","","","","","","","","","","","","","","","","","","","","","","","","","","","","","","","","","","","","","","","","","","","","",
"Middle East & North Africa (developing only)","MNA","Government expenditure per primary student as % of GDP per capita (%)","SE.XPD.PRIM.PC.ZS","","","","","","","","","","","","","","","","","","","","","","","","","","","","","","","","","","","","","","","","","","","","","","","","","","","","","","","","",
"Montenegro","MNE","Government expenditure per primary student as % of GDP per capita (%)","SE.XPD.PRIM.PC.ZS","","","","","","","","","","","","","","","","","","","","","","","","","","","","","","","","","","","","","","","","","","","","","","","","","","","","","","","","",
"Mongolia","MNG","Government expenditure per primary student as % of GDP per capita (%)","SE.XPD.PRIM.PC.ZS","","","","","","","","","","","","","","","","","","","","","","","","","","","","","","","","","","","","","","","","","","","","","11.48283","","","13.58936","","14.90143","12.37069","15.64365","","","","",
"Northern Mariana Islands","MNP","Government expenditure per primary student as % of GDP per capita (%)","SE.XPD.PRIM.PC.ZS","","","","","","","","","","","","","","","","","","","","","","","","","","","","","","","","","","","","","","","","","","","","","","","","","","","","","","","","",
"Mozambique","MOZ","Government expenditure per primary student as % of GDP per capita (%)","SE.XPD.PRIM.PC.ZS","","","","","","","","","","","","","","","","","","","","","","","","","","","","","","","","","","","","","","","","","","","","","","","14.95993","","","","","","15.16645","15.45952","","",
"Mauritania","MRT","Government expenditure per primary student as % of GDP per capita (%)","SE.XPD.PRIM.PC.ZS","","","","","","","","","","","","","","","","","","","","","","","","","","","","","","","","","","","","","","","","10.06105","","","","","","8.70683","","","10.94436","","11.64027","9.58416","9.7137","9.67626","","",
"Mauritius","MUS","Government expenditure per primary student as % of GDP per capita (%)","SE.XPD.PRIM.PC.ZS","","","","","","","","","","","","","","","","","","","","","","","","","","","","","","","","","","","","","","","","","","9.30786","8.58437","13.08785","12.86991","11.27861","10.13933","","9.47486","8.81403","10.49518","9.97514","10.17625","11.65332","13.53424","",
"Malawi","MWI","Government expenditure per primary student as % of GDP per capita (%)","SE.XPD.PRIM.PC.ZS","","","","","","","","","","","","","","","","","","","","","","","","","","","","","","","","","","","","","","","","13.50929","11.3268","8.1125","","","","","","","","","6.45762","7.81163","","11.38614","13.59245","",
"Malaysia","MYS","Government expenditure per primary student as % of GDP per capita (%)","SE.XPD.PRIM.PC.ZS","","","","","","","","","","","","","","","","","","","","","","","","","","","","","","","","","","","","","","","","","12.55696","16.41224","19.37733","17.88944","14.06436","","10.17037","10.85495","13.08947","14.22775","12.78809","15.43047","","17.45373","","",
"North America","NAC","Government expenditure per primary student as % of GDP per capita (%)","SE.XPD.PRIM.PC.ZS","","","","","","","","","","","","","","","","","","","","","","","","","","","","","","","","","","","","","","","","","","","","","","","","","","","","","","","","",
"Namibia","NAM","Government expenditure per primary student as % of GDP per capita (%)","SE.XPD.PRIM.PC.ZS","","","","","","","","","","","","","","","","","","","","","","","","","","","","","","","","","","","","","","","","19.76133","19.91573","19.80586","19.73048","18.67751","","13.59854","18.43151","","15.6823","","17.60071","","","","","",
"New Caledonia","NCL","Government expenditure per primary student as % of GDP per capita (%)","SE.XPD.PRIM.PC.ZS","","","","","","","","","","","","","","","","","","","","","","","","","","","","","","","","","","","","","","","","","","","","","","","","","","","","","","","","",
"Niger","NER","Government expenditure per primary student as % of GDP per capita (%)","SE.XPD.PRIM.PC.ZS","","","","","","","","","","","","","","","","","","","","","","","","","","","","","","","","","","","","","","","","","","","","24.92931","","","28.14328","32.39912","26.94625","28.26041","20.95789","20.49726","18.80699","21.5198","28.79227","",
"Nigeria","NGA","Government expenditure per primary student as % of GDP per capita (%)","SE.XPD.PRIM.PC.ZS","","","","","","","","","","","","","","","","","","","","","","","","","","","","","","","","","","","","","","","","","","","","","","","","","","","","","","","","",
"Nicaragua","NIC","Government expenditure per primary student as % of GDP per capita (%)","SE.XPD.PRIM.PC.ZS","","","","","","","","","","","","","","","","","","","","","","","","","","","","","","","","","","","","","","","","","","","","","6.85009","7.67848","7.67594","","","","11.27444","","","","","",
"Netherlands","NLD","Government expenditure per primary student as % of GDP per capita (%)","SE.XPD.PRIM.PC.ZS","","","","","","","","","","","","","","","","","","","","","","","","","","","","","","","","","","","","","","","14.35908","14.17874","14.38617","15.43429","16.56954","17.59467","17.19997","17.22981","16.55176","15.79205","16.08222","17.50793","17.34238","16.92238","17.19481","","","",
"High income: nonOECD","NOC","Government expenditure per primary student as % of GDP per capita (%)","SE.XPD.PRIM.PC.ZS","","","","","","","","","","","","","","","","","","","","","","","","","","","","","","","","","","","","","","","","","","","","","","","","","","","","","","","","",
"Norway","NOR","Government expenditure per primary student as % of GDP per capita (%)","SE.XPD.PRIM.PC.ZS","","","","","","","","","","","","","","","","","","","","","","","","","","","","","","","","","","","","","","","21.38928","","","","20.02783","20.84973","19.58362","18.49543","17.75926","17.8635","17.59927","20.93096","20.7534","19.60648","19.25341","","","",
"Nepal","NPL","Government expenditure per primary student as % of GDP per capita (%)","SE.XPD.PRIM.PC.ZS","","","","","","","","","","","","","","","","","","","","","","","","","","","","","","","","","","","","","","","","8.6364","9.82682","13.1371","11.45984","10.78983","","","","","13.93978","16.12062","","","","","15.08101","",
"New Zealand","NZL","Government expenditure per primary student as % of GDP per capita (%)","SE.XPD.PRIM.PC.ZS","","","","","","","","","","","","","","","","","","","","","","","","","","","","","","","","","","","","","","","","19.59182","19.60984","19.75136","18.56538","18.19796","18.7546","18.69358","17.0854","17.03622","15.00449","17.60576","21.27326","21.1338","23.8274","","","",
"High income: OECD","OEC","Government expenditure per primary student as % of GDP per capita (%)","SE.XPD.PRIM.PC.ZS","","","","","","","","","","","","","","","","","","","","","","","","","","","","","","","","","","","","","","","","","","","","","","","","","","","","","","","","",
"OECD members","OED","Government expenditure per primary student as % of GDP per capita (%)","SE.XPD.PRIM.PC.ZS","","","","","","","","","","","","","","","","","","","","","","","","","","","","","","","","","","","","","","","","","","","","","","","","","","","","","","","","",
"Oman","OMN","Government expenditure per primary student as % of GDP per capita (%)","SE.XPD.PRIM.PC.ZS","","","","","","","","","","","","","","","","","","","","","","","","","","","","","","","","","","","","","","","11.1286","10.31867","","10.77662","14.75874","","","14.36397","","","","12.16837","","14.53587","","","","",
"Other small states","OSS","Government expenditure per primary student as % of GDP per capita (%)","SE.XPD.PRIM.PC.ZS","","","","","","","","","","","","","","","","","","","","","","","","","","","","","","","","","","","","","","","","","","","","","","","","","","","","","","","","",
"Pakistan","PAK","Government expenditure per primary student as % of GDP per capita (%)","SE.XPD.PRIM.PC.ZS","","","","","","","","","","","","","","","","","","","","","","","","","","","","","","","","","","","","","","","","","","","","","","","","","","","","","","8.04399","8.08396","",
"Panama","PAN","Government expenditure per primary student as % of GDP per capita (%)","SE.XPD.PRIM.PC.ZS","","","","","","","","","","","","","","","","","","","","","","","","","","","","","","","","","","","","","","","","14.15147","14.46447","11.0863","10.78043","","10.05187","","","12.14631","","","","6.57552","","","","",
"Peru","PER","Government expenditure per primary student as % of GDP per capita (%)","SE.XPD.PRIM.PC.ZS","","","","","","","","","","","","","","","","","","","","","","","","","","","","","","","","","","","","","","","7.88051","8.52279","8.22001","7.29097","6.56519","6.77324","7.30717","6.97273","7.53562","7.62525","8.5476","9.65647","8.82699","8.39982","9.22121","11.14405","12.3835","",
"Philippines","PHL","Government expenditure per primary student as % of GDP per capita (%)","SE.XPD.PRIM.PC.ZS","","","","","","","","","","","","","","","","","","","","","","","","","","","","","","","","","","","","","","","","","12.02267","11.31083","10.75915","11.41175","8.98081","8.32388","","8.68041","9.00382","","","","","","","",
"Palau","PLW","Government expenditure per primary student as % of GDP per capita (%)","SE.XPD.PRIM.PC.ZS","","","","","","","","","","","","","","","","","","","","","","","","","","","","","","","","","","","","","","","","","","","","","","","","","","","","","","","","",
"Papua New Guinea","PNG","Government expenditure per primary student as % of GDP per capita (%)","SE.XPD.PRIM.PC.ZS","","","","","","","","","","","","","","","","","","","","","","","","","","","","","","","","","","","","","","","","","","","","","","","","","","","","","","","","",
"Poland","POL","Government expenditure per primary student as % of GDP per capita (%)","SE.XPD.PRIM.PC.ZS","","","","","","","","","","","","","","","","","","","","","","","","","","","","","","","","","","","","","","","","","","","22.40313","22.79374","22.71006","23.67164","24.93106","24.1309","25.29158","25.94946","26.92179","25.92776","","","","",
"Puerto Rico","PRI","Government expenditure per primary student as % of GDP per capita (%)","SE.XPD.PRIM.PC.ZS","","","","","","","","","","","","","","","","","","","","","","","","","","","","","","","","","","","","","","","","","","","","","","","","","","","","","","18.83151","","",
"Korea, Dem. People’s Rep.","PRK","Government expenditure per primary student as % of GDP per capita (%)","SE.XPD.PRIM.PC.ZS","","","","","","","","","","","","","","","","","","","","","","","","","","","","","","","","","","","","","","","","","","","","","","","","","","","","","","","","",
"Portugal","PRT","Government expenditure per primary student as % of GDP per capita (%)","SE.XPD.PRIM.PC.ZS","","","","","","","","","","","","","","","","","","","","","","","","","","","","","","","","","","","","","","","","18.67572","19.60965","20.90474","22.03138","21.84028","21.78473","21.67935","20.76202","19.2106","18.97337","21.35387","21.00495","20.76488","","","","",
"Paraguay","PRY","Government expenditure per primary student as % of GDP per capita (%)","SE.XPD.PRIM.PC.ZS","","","","","","","","","","","","","","","","","","","","","","","","","","","","","","","","","","","","","","","","","11.74134","11.35019","10.51855","11.13837","9.97529","","","9.52282","","","11.16627","12.03329","15.14728","","","",
"Pacific island small states","PSS","Government expenditure per primary student as % of GDP per capita (%)","SE.XPD.PRIM.PC.ZS","","","","","","","","","","","","","","","","","","","","","","","","","","","","","","","","","","","","","","","","","","","","","","","","","","","","","","","","",
"French Polynesia","PYF","Government expenditure per primary student as % of GDP per capita (%)","SE.XPD.PRIM.PC.ZS","","","","","","","","","","","","","","","","","","","","","","","","","","","","","","","","","","","","","","","","","","","","","","","","","","","","","","","","",
"Qatar","QAT","Government expenditure per primary student as % of GDP per capita (%)","SE.XPD.PRIM.PC.ZS","","","","","","","","","","","","","","","","","","","","","","","","","","","","","","","","","","","","","","","","","","","","","","","","","","9.66652","","","","","","",
"Romania","ROU","Government expenditure per primary student as % of GDP per capita (%)","SE.XPD.PRIM.PC.ZS","","","","","","","","","","","","","","","","","","","","","","","","","","","","","","","","","","","","","","","","","","","","11.93395","9.76206","10.514","","19.22053","","18.59013","13.90702","11.84678","11.80927","","","",
"Russian Federation","RUS","Government expenditure per primary student as % of GDP per capita (%)","SE.XPD.PRIM.PC.ZS","","","","","","","","","","","","","","","","","","","","","","","","","","","","","","","","","","","","","","","","","","","","","","","","","","","","","","","","",
"Rwanda","RWA","Government expenditure per primary student as % of GDP per capita (%)","SE.XPD.PRIM.PC.ZS","","","","","","","","","","","","","","","","","","","","","","","","","","","","","","","","","","","","","","","","","11.56977","","","","","8.9865","","9.17752","8.04863","","8.32789","6.94499","8.01472","7.2211","","",
"South Asia","SAS","Government expenditure per primary student as % of GDP per capita (%)","SE.XPD.PRIM.PC.ZS","","","","","","","","","","","","","","","","","","","","","","","","","","","","","","","","","","","","","","","","","","","","","","","","","","","","","","","","",
"Saudi Arabia","SAU","Government expenditure per primary student as % of GDP per capita (%)","SE.XPD.PRIM.PC.ZS","","","","","","","","","","","","","","","","","","","","","","","","","","","","","","","","","","","","","","","","","","","","","","","","18.17398","","","","","","","","",
"Sudan","SDN","Government expenditure per primary student as % of GDP per capita (%)","SE.XPD.PRIM.PC.ZS","","","","","","","","","","","","","","","","","","","","","","","","","","","","","","","","","","","","","","","","","","","","","","","","","","","","","","","","",
"Senegal","SEN","Government expenditure per primary student as % of GDP per capita (%)","SE.XPD.PRIM.PC.ZS","","","","","","","","","","","","","","","","","","","","","","","","","","","","","","","","","","","","","","","11.67267","","","","","","","16.76171","16.99437","","17.15226","18.34218","16.9638","","","","","",
"Singapore","SGP","Government expenditure per primary student as % of GDP per capita (%)","SE.XPD.PRIM.PC.ZS","","","","","","","","","","","","","","","","","","","","","","","","","","","","","","","","","","","","","","","","","","","","","","","","","9.51726","10.58553","10.96166","","","","","",
"Solomon Islands","SLB","Government expenditure per primary student as % of GDP per capita (%)","SE.XPD.PRIM.PC.ZS","","","","","","","","","","","","","","","","","","","","","","","","","","","","","","","","","","","","","","","","","","","","","","","","","","","","","","","","",
"Sierra Leone","SLE","Government expenditure per primary student as % of GDP per capita (%)","SE.XPD.PRIM.PC.ZS","","","","","","","","","","","","","","","","","","","","","","","","","","","","","","","","","","","","","","","","","","","","","","","","","","","","6.91228","6.81423","5.44082","","",
"El Salvador","SLV","Government expenditure per primary student as % of GDP per capita (%)","SE.XPD.PRIM.PC.ZS","","","","","","","","","","","","","","","","","","","","","","","","","","","","","","","","","","","","","","","8.59863","8.57906","8.54524","","10.23046","9.36178","","8.09431","8.59116","8.07162","8.79941","12.26187","9.8443","","","","","",
"San Marino","SMR","Government expenditure per primary student as % of GDP per capita (%)","SE.XPD.PRIM.PC.ZS","","","","","","","","","","","","","","","","","","","","","","","","","","","","","","","","","","","","","","","","","","","","","","","","","","","15.39215","16.96116","","","","",
"Somalia","SOM","Government expenditure per primary student as % of GDP per capita (%)","SE.XPD.PRIM.PC.ZS","","","","","","","","","","","","","","","","","","","","","","","","","","","","","","","","","","","","","","","","","","","","","","","","","","","","","","","","",
"Serbia","SRB","Government expenditure per primary student as % of GDP per capita (%)","SE.XPD.PRIM.PC.ZS","","","","","","","","","","","","","","","","","","","","","","","","","","","","","","","","","","","","","","","","","","","","","","","","53.79242","56.39391","58.06676","54.15722","50.95265","","","","",
"Sub-Saharan Africa (developing only)","SSA","Government expenditure per primary student as % of GDP per capita (%)","SE.XPD.PRIM.PC.ZS","","","","","","","","","","","","","","","","","","","","","","","","","","","","","","","","","","","","","","","","","","","","","","","","","","","","","","","","",
"South Sudan","SSD","Government expenditure per primary student as % of GDP per capita (%)","SE.XPD.PRIM.PC.ZS","","","","","","","","","","","","","","","","","","","","","","","","","","","","","","","","","","","","","","","","","","","","","","","","","","","","3.60448","","","","",
"Sub-Saharan Africa (all income levels)","SSF","Government expenditure per primary student as % of GDP per capita (%)","SE.XPD.PRIM.PC.ZS","","","","","","","","","","","","","","","","","","","","","","","","","","","","","","","","","","","","","","","","","","","","","","","","","","","","","","","","",
"Small states","SST","Government expenditure per primary student as % of GDP per capita (%)","SE.XPD.PRIM.PC.ZS","","","","","","","","","","","","","","","","","","","","","","","","","","","","","","","","","","","","","","","","","","","","","","","","","","","","","","","","",
"Sao Tome and Principe","STP","Government expenditure per primary student as % of GDP per capita (%)","SE.XPD.PRIM.PC.ZS","","","","","","","","","","","","","","","","","","","","","","","","","","","","","","","","","","","","","","","","","","","","","","","","","","","","","17.38628","17.15043","12.50762","",
"Suriname","SUR","Government expenditure per primary student as % of GDP per capita (%)","SE.XPD.PRIM.PC.ZS","","","","","","","","","","","","","","","","","","","","","","","","","","","","","","","","","","","","","","","","","","","","","","","","","","","","","","","","",
"Slovak Republic","SVK","Government expenditure per primary student as % of GDP per capita (%)","SE.XPD.PRIM.PC.ZS","","","","","","","","","","","","","","","","","","","","","","","","","","","","","","","","","","","","","","","","10.01657","10.54974","10.52136","11.01884","12.52617","11.58186","14.30589","14.9505","15.23352","15.25729","18.31605","21.69566","19.60206","19.09287","","","",
"Slovenia","SVN","Government expenditure per primary student as % of GDP per capita (%)","SE.XPD.PRIM.PC.ZS","","","","","","","","","","","","","","","","","","","","","","","","","","","","","","","","","","","","","","","","","","25.65298","27.42728","28.38558","","","","","","","30.4416","30.03122","29.95025","","","",
"Sweden","SWE","Government expenditure per primary student as % of GDP per capita (%)","SE.XPD.PRIM.PC.ZS","","","","","","","","","","","","","","","","","","","","","","","","","","","","","","","","","","","","","","","22.38859","21.33407","21.75482","20.67893","22.25691","21.84159","23.55072","23.60149","23.12511","23.68994","24.79804","26.77248","26.17976","25.72188","26.60227","","","",
"Swaziland","SWZ","Government expenditure per primary student as % of GDP per capita (%)","SE.XPD.PRIM.PC.ZS","","","","","","","","","","","","","","","","","","","","","","","","","","","","","","","","","","","","","","","","8.31624","9.58282","8.8058","9.68926","11.18535","12.58326","14.82979","15.66936","","12.33938","","16.66829","20.7904","","","","",
"Sint Maarten (Dutch part)","SXM","Government expenditure per primary student as % of GDP per capita (%)","SE.XPD.PRIM.PC.ZS","","","","","","","","","","","","","","","","","","","","","","","","","","","","","","","","","","","","","","","","","","","","","","","","","","","","","","","","",
"Seychelles","SYC","Government expenditure per primary student as % of GDP per capita (%)","SE.XPD.PRIM.PC.ZS","","","","","","","","","","","","","","","","","","","","","","","","","","","","","","","","","","","","","","","8.61042","","","","14.46023","15.41287","","","","","","","","8.68985","","","","",
"Syrian Arab Republic","SYR","Government expenditure per primary student as % of GDP per capita (%)","SE.XPD.PRIM.PC.ZS","","","","","","","","","","","","","","","","","","","","","","","","","","","","","","","","","","","","","","","9.85214","11.11033","12.53568","","13.10479","","","","","17.66093","","17.20989","","","17.63255","","","",
"Turks and Caicos Islands","TCA","Government expenditure per primary student as % of GDP per capita (%)","SE.XPD.PRIM.PC.ZS","","","","","","","","","","","","","","","","","","","","","","","","","","","","","","","","","","","","","","","","","","","","","","","","","","","","","","","","",
"Chad","TCD","Government expenditure per primary student as % of GDP per capita (%)","SE.XPD.PRIM.PC.ZS","","","","","","","","","","","","","","","","","","","","","","","","","","","","","","","","","","","","","","","9.31181","","","","","","5.51421","6.15551","","","","9.31849","6.9432","5.75134","","","","",
"Togo","TGO","Government expenditure per primary student as % of GDP per capita (%)","SE.XPD.PRIM.PC.ZS","","","","","","","","","","","","","","","","","","","","","","","","","","","","","","","","","","","","","","","9.2563","7.88595","11.64782","10.92517","10.58689","11.10572","8.49457","7.91173","6.65928","8.60424","8.58254","10.36479","11.20261","10.783","14.42343","12.45622","14.11237","",
"Thailand","THA","Government expenditure per primary student as % of GDP per capita (%)","SE.XPD.PRIM.PC.ZS","","","","","","","","","","","","","","","","","","","","","","","","","","","","","","","","","","","","","","","12.79615","","17.81924","16.84401","","","14.37913","","","","20.13626","23.49026","19.40826","34.32412","29.4466","","","",
"Tajikistan","TJK","Government expenditure per primary student as % of GDP per capita (%)","SE.XPD.PRIM.PC.ZS","","","","","","","","","","","","","","","","","","","","","","","","","","","","","","","","","","","","","","","","","","","","","","","","","","","","","","","","",
"Turkmenistan","TKM","Government expenditure per primary student as % of GDP per capita (%)","SE.XPD.PRIM.PC.ZS","","","","","","","","","","","","","","","","","","","","","","","","","","","","","","","","","","","","","","","","","","","","","","","","","","","","","","","","",
"Timor-Leste","TLS","Government expenditure per primary student as % of GDP per capita (%)","SE.XPD.PRIM.PC.ZS","","","","","","","","","","","","","","","","","","","","","","","","","","","","","","","","","","","","","","","","","","","","","","","","","","","","31.89363","","","","",
"Tonga","TON","Government expenditure per primary student as % of GDP per capita (%)","SE.XPD.PRIM.PC.ZS","","","","","","","","","","","","","","","","","","","","","","","","","","","","","","","","","","","","","","","","","","","10.78242","9.08262","9.65381","","","","","","","","","","","",
"Trinidad and Tobago","TTO","Government expenditure per primary student as % of GDP per capita (%)","SE.XPD.PRIM.PC.ZS","","","","","","","","","","","","","","","","","","","","","","","","","","","","","","","","","","","","","","","","","10.41674","11.3619","15.4523","11.25691","","","","8.58465","10.37808","15.11747","","","","","","",
"Tunisia","TUN","Government expenditure per primary student as % of GDP per capita (%)","SE.XPD.PRIM.PC.ZS","","","","","","","","","","","","","","","","","","","","","","","","","","","","","","","","","","","","","","","","14.1755","13.96025","14.4394","13.99162","18.37174","19.15468","18.72686","","","17.2892","","","","","","","",
"Turkey","TUR","Government expenditure per primary student as % of GDP per capita (%)","SE.XPD.PRIM.PC.ZS","","","","","","","","","","","","","","","","","","","","","","","","","","","","","","","","","","","","","","","","","","","","","","","","","","","","","","","","",
"Tuvalu","TUV","Government expenditure per primary student as % of GDP per capita (%)","SE.XPD.PRIM.PC.ZS","","","","","","","","","","","","","","","","","","","","","","","","","","","","","","","","","","","","","","","","","","","","","","","","","","","","","","","","",
"Tanzania","TZA","Government expenditure per primary student as % of GDP per capita (%)","SE.XPD.PRIM.PC.ZS","","","","","","","","","","","","","","","","","","","","","","","","","","","","","","","","","","","","","","","","","","","","","14.48288","12.56582","8.16347","9.27031","8.94391","8.25707","","","","","","",
"Uganda","UGA","Government expenditure per primary student as % of GDP per capita (%)","SE.XPD.PRIM.PC.ZS","","","","","","","","","","","","","","","","","","","","","","","","","","","","","","","","","","","","","","","","","","","","","10.65814","","","","","7.19083","5.10486","6.73789","6.34193","","","",
"Ukraine","UKR","Government expenditure per primary student as % of GDP per capita (%)","SE.XPD.PRIM.PC.ZS","","","","","","","","","","","","","","","","","","","","","","","","","","","","","","","","","","","","","","","","","","","","","","","","","","","","28.1313","32.38915","32.34896","","",
"Upper middle income","UMC","Government expenditure per primary student as % of GDP per capita (%)","SE.XPD.PRIM.PC.ZS","","","","","","","","","","","","","","","","","","","","","","","","","","","","","","","","","","","","","","","","","","","","","","","","","","","","","","","","",
"Uruguay","URY","Government expenditure per primary student as % of GDP per capita (%)","SE.XPD.PRIM.PC.ZS","","","","","","","","","","","","","","","","","","","","","","","","","","","","","","","","","","","","","","","","7.15132","7.2579","9.62925","6.98224","5.85263","7.3653","8.34322","8.75025","","","","","","","","","",
"United States","USA","Government expenditure per primary student as % of GDP per capita (%)","SE.XPD.PRIM.PC.ZS","","","","","","","","","","","","","","","","","","","","","","","","","","","","","","","","","","","","","","","16.54","17.03499","18.34581","19.9092","20.29734","20.38951","20.79936","19.6429","20.94324","21.1868","21.77162","21.79109","22.09959","20.89276","20.56455","","","",
"Uzbekistan","UZB","Government expenditure per primary student as % of GDP per capita (%)","SE.XPD.PRIM.PC.ZS","","","","","","","","","","","","","","","","","","","","","","","","","","","","","","","","","","","","","","","","","","","","","","","","","","","","","","","","",
"St. Vincent and the Grenadines","VCT","Government expenditure per primary student as % of GDP per capita (%)","SE.XPD.PRIM.PC.ZS","","","","","","","","","","","","","","","","","","","","","","","","","","","","","","","","","","","","","","","16.14075","","21.65213","","","19.70957","","15.84325","","20.17306","","17.46919","15.93324","17.66856","","17.56519","18.30537","",
"Venezuela, RB","VEN","Government expenditure per primary student as % of GDP per capita (%)","SE.XPD.PRIM.PC.ZS","","","","","","","","","","","","","","","","","","","","","","","","","","","","","","","","","","","","","","","","","","","","","","","8.01947","9.06394","","17.90563","","","","","","",
"Virgin Islands (U.S.)","VIR","Government expenditure per primary student as % of GDP per capita (%)","SE.XPD.PRIM.PC.ZS","","","","","","","","","","","","","","","","","","","","","","","","","","","","","","","","","","","","","","","","","","","","","","","","","","","","","","","","",
"Vietnam","VNM","Government expenditure per primary student as % of GDP per capita (%)","SE.XPD.PRIM.PC.ZS","","","","","","","","","","","","","","","","","","","","","","","","","","","","","","","","","","","","","","","","","","","","","","","","","17.7854","","25.34212","","23.77934","","","",
"Vanuatu","VUT","Government expenditure per primary student as % of GDP per capita (%)","SE.XPD.PRIM.PC.ZS","","","","","","","","","","","","","","","","","","","","","","","","","","","","","","","","","","","","","","","11.73944","11.26561","13.27087","12.93504","","","","","","","16.76755","16.19971","","","","","","",
"West Bank and Gaza","PSE","Government expenditure per primary student as % of GDP per capita (%)","SE.XPD.PRIM.PC.ZS","","","","","","","","","","","","","","","","","","","","","","","","","","","","","","","","","","","","","","","","","","","","","","","","","","","","","","","","",
"World","WLD","Government expenditure per primary student as % of GDP per capita (%)","SE.XPD.PRIM.PC.ZS","","","","","","","","","","","","","","","","","","","","","","","","","","","","","","","","","","","","","","","","","","","","","","","","","","","","","","","","",
"Samoa","WSM","Government expenditure per primary student as % of GDP per capita (%)","SE.XPD.PRIM.PC.ZS","","","","","","","","","","","","","","","","","","","","","","","","","","","","","","","","","","","","","","","","8.11587","7.20852","8.63911","10.57399","","","","","","","","","","","","","",
"Yemen, Rep.","YEM","Government expenditure per primary student as % of GDP per capita (%)","SE.XPD.PRIM.PC.ZS","","","","","","","","","","","","","","","","","","","","","","","","","","","","","","","","","","","","","","","","","","","","","","","","","","","","18.61486","","","","",
"South Africa","ZAF","Government expenditure per primary student as % of GDP per capita (%)","SE.XPD.PRIM.PC.ZS","","","","","","","","","","","","","","","","","","","","","","","","","","","","","","","","","","","","","","","","13.84696","13.52514","13.49527","13.54932","12.37493","12.65899","13.64976","14.81127","13.91261","13.18911","14.7175","17.06055","17.45926","18.83745","","17.68114","",
"Congo, Dem. Rep.","COD","Government expenditure per primary student as % of GDP per capita (%)","SE.XPD.PRIM.PC.ZS","","","","","","","","","","","","","","","","","","","","","","","","","","","","","","","","","","","","","","","","","","","","","","","","","","","3.14232","","","7.40789","","",
"Zambia","ZMB","Government expenditure per primary student as % of GDP per capita (%)","SE.XPD.PRIM.PC.ZS","","","","","","","","","","","","","","","","","","","","","","","","","","","","","","","","","","","","","","","","","6.22729","","","","7.80849","4.62364","","","","","","","","","","",
"Zimbabwe","ZWE","Government expenditure per primary student as % of GDP per capita (%)","SE.XPD.PRIM.PC.ZS","","","","","","","","","","","","","","","","","","","","","","","","","","","","","","","","","","","","","","","","","","","","","","","","","","","","","","","","",
